{"cameraMode":{"drawMode":0,"name":"Shaded","section":"Shading Mode"},"sceneLighting":true,"audioPlay":false,"sceneViewState":{"m_AlwaysRefresh":false,"showFog":true,"showSkybox":true,"showFlares":true,"showImageEffects":true,"showParticleSystems":true,"showVisualEffectGraphs":true,"m_FxEnabled":true},"in2DMode":false,"pivot":{"x":33.698020935058597,"y":7.194484233856201,"z":1.6385059356689454},"rotation":{"x":0.12945780158042909,"y":0.035095494240522388,"z":-0.0045829168520867828,"w":0.9909864068031311},"size":396.5057678222656,"orthographic":false}