{"cameraMode":{"drawMode":0,"name":"Shaded","section":"Shading Mode"},"sceneLighting":false,"audioPlay":false,"sceneViewState":{"m_AlwaysRefresh":false,"showFog":true,"showSkybox":false,"showFlares":true,"showImageEffects":true,"showParticleSystems":true,"showVisualEffectGraphs":true,"m_FxEnabled":true},"in2DMode":false,"pivot":{"x":14.60927963256836,"y":11.619034767150879,"z":2.384185791015625e-7},"rotation":{"x":0.1437118649482727,"y":0.03502758964896202,"z":-0.005092269740998745,"w":0.9890093207359314},"size":2.098170042037964,"orthographic":false}